naturalsociety.json,1
conservativehome.json,1
hotair.json,1
climatedepot.json,1
thetruthaboutcancer.json,1
bonginoreport.json,1
whitsundaytimes.json,1
wizbang.json,1
naturalhealth365.json,1
theborowitzreport.json,1
thedailysheeple.json,1
asiapacificresearch.json,1
newsyoucantuse.json,1
thetorontostar.json,1
lewrockwell.json,1
ipswichadvertiser.json,1
sluggerotoole.json,1
skeptiko.json,1
breaking911.json,1
x22report.json,1
unian.json,1
foreverconscious.json,1
americandigitalnews.json,1
dcgazette.json,1
etonline.json,1
shtfplan.json,1
breitbart.json,1
tubefilter.json,1
vigilantcitizen.json,1
investmentwatchblog.json,1
chicagotribune.json,1
thescientist.json,1
weareanonymous.json,1
therussophileorg.json,1
ipolitics.json,1
byronnews.json,1
campusreform.json,1
veteranstoday.json,1
worldofbuzz.json,1
freebeacon.json,1
covid19news.json,1
www.json,1
saraacater.json,1
nhpbs.json,1
townsvillebulletin.json,1
chicagosun-times.json,1
notrickszone.json,1
sgtreport.json,1
rapturenewsnetwork.json,1
cnn.json,1
committeeconstructivetomorrowcfactorg.json,1
healthyfoodhouse.json,1
forbes.json,1
niemanlab.json,1
usahitman.json,1
fellowshipoftheminds.json,1
worldtruthtv.json,1
thebl.json,1
upi.json,1
thenation.json,1
humansarefree.json,1
themindunleashed.json,1
gympietimes.json,1
insidescience.json,1
intellectualconservative.json,1
malaymail.json,1
drudgereport.json,1
collective-evolution.json,1
thebeaverton.json,1
davidicke.json,1
jewworldorder.json,1
vox.json,1
shoebat.json,1
southfront.json,1
mercola.json,1
theepochtimes.json,1
