More,0
coronavirus,1
lockdown,2
backlash,3
today,4
this,5
time,6
Raleigh,7
North,8
Carolina,9
protesters,10
from,11
the,12
group,13
Governor,14
Roy,15
Cooper,16
stay-home,17
order,18
calling,19
unconstitutional,20
overreach,21
that,22
small,23
businesses,24
according,25
The,26
News,27
Observer,28
least,29
one,30
51-year-old,31
woman,32
seen,33
video,34
below,35
who,36
told,37
right,38
peacefully,39
assemble,40
she,41
was,42
taken,43
away,44
Watch,45
non-essential,46
activity,47
took,48
effect,49
late,50
March,51
had,52
already,53
received,54
more,55
than,56
200,3748
unemployment,58
claims,59
largest,60
economic,61
transformation,62
history,63
mankind.,64
arrogance,65
and,66
brutality,67
ruling,68
class,69
nothing,70
less,71
breathtaking,72
April,73
2020,74
Business,75
Insider,76
Many,77
Americans,78
will,79
not,80
have,81
jobs,82
return,83
after,84
pandemic,85
ends,86
former,87
presidential,88
candidate,89
Andrew,90
Yang,91
ends…,92
going,93
see,94
something,95
like,96
years,97
change,98
weeks…,99
fact,100
now,101
virus,102
get,103
rid,104
people,105
bring,106
robots,107
machines,108
figure,109
out,110
how,111
they,112
can,113
operate,114
efficiently.,115
Universal,116
basic,117
income,118
become,119
topic,120
just,121
here,122
United,123
States,124
but,125
Spain,126
adopting,127
version,128
minimum,129
Legislatures,130
around,131
Europe,132
are,133
all,134
very,135
much,136
focused,137
this.,138
progressive,139
Amazonification,140
our,141
economy,142
Amazon,143
only,144
there,145
hiring,146
seeing,147
grocery,148
store,149
aisles,150
cleaning,151
supposedly,152
home…,153
One,154
thing,155
been,156
saying,157
weeks,158
because,159
being,160
put,161
position,162
where,163
makes,164
sense,165
speed,166
lot,167
automation,168
were,169
considering,170
investing,171
in.,172
perfect,173
environment,174
for,175
companies,176
kids,177
home,178
everyone,179
else,180
getting,181
taught,182
online…they,183
many,184
families,185
actually,186
make,187
different,188
determination,189
say,190
Hey,191
online,192
working,193
well.,194
you,195
find,196
way,197
frankly,198
yourself,199
useful,200
afar,201
unfortunately,202
think,203
about,204
more.,205
need,206
bit,207
higher,208
1,3749
month,210
enough,211
baseline,212
needs,213
most,214
even,215
inhuman,216
punishing,217
both,218
during,219
crisis,220
afterwards.,221
looking,222
would,223
robust,224
helping,225
able,226
meet,227
their,228
also,229
real,230
path,231
forward.,232
consequences,233
come,234
Marshal,235
Plan,236
style,237
initiative,238
rebuild,239
country…,240
create,241
vision,242
what,243
America,244
2022,245
2023,246
look,247
vaccine,248
place.,249
RESTAURANT,250
APOCALYPSE,251
110,3750
restaurants,253
expect,254
close,255
forever,256
coming,257
with,258
millions,259
work,260
industry,261
future,262
uncertain.,263
And,264
while,265
ploughs,266
full,267
pounded,268
into,269
dust,270
public,271
services,272
shut,273
down,274
opening,275
door,276
further,277
privatization,278
While,279
prepping,280
citizenry,281
required,282
certifications,283
deliberate,284
violent,285
contraction,286
continues,287
decimation,288
enterprise,289
monetary,290
wealth,291
directed,292
again,293
upward,294
McDonald,295
Starbucks,296
Walmart,297
essential,298
remain,299
open,300
business,301
forced,302
closed,303
announced,304
hire,305
its,306
soaring,307
volume,308
sales,309
brilliant,310
idea,311
live,312
when,313
Klaus,314
Schwab,315
Bill,316
Gates,317
Mark,318
Zuckerberg,319
Elon,320
Musk,321
Bezos,322
rich,323
dangerous,324
calculating,325
insane,326
hypocrites,327
Pope,328
Francis,329
says,330
might,331
consider,332
universal,333
wage,334
Easter,335
letter,336
collaboration,337
Bank,338
deep,339
social,340
impact,341
Citizens,342
UBI,343
still,344
require,345
privatized,346
massive,347
market,348
Source,349
Impact,350
predicated,351
turning,352
investments,353
human,354
capital,355
Further,356
reading,357
Oct,358
2019,359
Slate,360
MoneyBox,361
Keeps,362
Talking,363
About,364
Fourth,365
Industrial,366
Revolution,367
What,368
Heck,369
That,370
Jan,371
Wrench,372
Gears,373
Good,374
Guy,375
Davos,376
Not,377
Fast,378
July,379
2017,380
World,381
Economic,382
Forum,383
should,384
let,385
take,386
then,387
pay,388
developments,389
artificial,390
intelligence,391
robotics,392
advance,393
severe,394
swift,395
disruption,396
classes.,397
proposition,398
which,399
sum,400
money,401
regularly,402
paid,403
population,404
could,405
vital,406
bulwark,407
against,408
unintended,409
profit,410
significantly,411
workforce,412
private,413
sector,414
afford,415
shouldering,416
burden,417
same,418
making,419
greater,420
profits.,421
After,422
full-time,423
has,424
minutes,425
lunch,426
each,427
day,428
vacation,429
sick,430
toilet,431
breaks,432
health,433
benefits,434
name,435
few,436
Meanwhile,437
automated,438
worker,439
initial,440
installation,441
occasional,442
repair,443
upgrade.,444
BCG,445
report,446
stated,447
welder,448
versus,449
equivalent,450
operating,451
cost,452
robot.,453
gap,454
widen,455
dramatically,456
states,457
per,458
hour,459
robot,460
doing,461
similar,462
welding,463
tasks,464
plunge,465
little,466
performance,467
improvements,468
factored,469
This,470
trend,471
continue,472
accelerate,473
early,474
pioneer,475
replacing,476
workers,477
kiosks,478
They,479
first,480
year,481
balloon,482
double,483
digits.,484
PricewaterhouseCoopers,485
estimates,486
danger,487
replaced,488
2030.,489
Companies,490
automate,491
workforces,492
taxed,493
these,494
new,495
profits,496
some,497
resulting,498
given,499
back,500
government,501
form,502
UBI.,503
popular—Mark,504
it—how,505
exactly,506
engineered,507
Large,508
swaths,509
laborers,510
lose,511
leading,512
unprecedented,513
levels,514
unemployment.,515
McKinsey,516
places,517
number,518
2030,519
COVID-19,520
provides,521
opportune,522
moment,523
push,524
envelope,525
forward,526
Global,527
statistics,528
reported,529
UNESCO,530
reveal,531
since,532
last,533
week,534
roughly,535
1.7,536
billion,537
students,538
pre-primary,539
tertiary,540
education,541
enrolled,542
learners,543
including,544
every,545
student,546
188,547
countries,548
mandated,549
nationwide,550
closures,551
With,552
schools,553
set,554
through,555
rest,556
current,557
academic,558
scale,559
world,560
capitalism.,561
optimized,562
testing,563
drones,564
broad,565
daylight,566
…Zoom,567
conferencing,568
platform,569
detonated,570
popularity,571
stay-at-home,572
commands,573
cleared,574
globe,575
credit,576
having,577
automation…,578
rapidly,579
foundation,580
network,581
well,582
compute,583
infrastructure,584
next,585
intercession,586
organization,587
enthusiasm,588
purchasing,589
clean,590
office,591
spaces,592
production,593
floors,594
retail,595
locations,596
stores,597
airports,598
lodgings,599
cafés.,600
CNBC,601
Inside,602
hospital,603
China,604
patients,605
treated,606
Morningstar,607
Basic,608
Income,609
Here,610
important,611
note,612
partnership,613
WHO,614
agency,615
Action,616
Platform,617
task-force,618
comprised,619
over,620
corporations,621
launch,622
soared,623
726,624
addition,625
Nations,626
June,627
consolidation,628
global,629
power,630
CNN,631
Grocery,632
turn,633
Robots,634
help,635
combat,636
pandemics,637
experts,638
wish,639
reset,640
New,641
Deal,642
For,643
Nature,644
implemented,645
end,646
perhaps,647
sooner,648
under,649
pretext,650
emergency,651
measures,652
feigned,653
concern,654
climate,655
biodiversity,656
those,657
serve,658
them,659
bullshit,660
There,661
found,662
within,663
dystopia,664
regard,665
nature,666
other,667
her,668
financialization,669
objectification,670
She,671
too,672
placed,673
blockchain,674
man,675
display,676
plans,677
cover,678
Earth,679
surface,680
forests,681
drone,682
bees,683
cordoning,684
off,685
yet,686
plundered,687
own,688
personal,689
leisure,690
Coronavirus,691
hysteria,692
introducing,693
grand,694
theft,695
touting,696
scam,697
anti-depressant.,698
cordeliers,699
Twitter,700
Wall,701
Street,702
Journal,703
Henry,704
Kissinger,705
Pandemic,706
Will,707
Forever,708
Alter,709
Order,710
cards,711
free,712
evil,713
twin,714
possibility,715
Under,716
neoliberal,717
model,718
inadequate,719
dwindling,720
payment,721
provided,722
absolves,723
low,724
employers,725
obligation,726
paying,727
living,728
wages,729
becomes,730
place,731
You,732
customer,733
shopping,734
Who,735
really,736
deny,737
wing,738
closer,739
presently,740
unfolding,741
reality,742
hopes,743
dreams,744
left,745
enthusiasts,746
said,747
done,748
means,749
unjust,750
society,751
decides,752
sale.,753
commodification,754
provision,755
Your,756
may,757
shop,758
remains,759
rights,760
worse,761
off…,762
sometimes,763
asserted,764
adequate,765
system,766
must,767
simply,768
moving,769
toward,770
workless,771
future.,772
such,773
suggested,774
masses,775
displaced,776
capitalists,777
Tesla,778
Motors,779
support,780
rational,781
solution,782
imagine,783
responsible,784
undue,785
faith,786
based,787
won,788
stop,789
building,790
pipelines,791
face,792
environmental,793
catastrophe,794
reason,795
worry,796
sensible,797
solutions,798
technological,799
displacement,800
post-capitalist,801
capitalism,802
policy,803
innovation,804
about…,805
suggesting,806
movements,807
challenge,808
rather,809
terms,810
capitalist,811
produced,812
sweeping,813
measure,814
notion,815
futile,816
attempt,817
peace,818
compromise,819
available,820
governments,821
laboratories,822
tyranny,823
labour,824
render,825
dreadful,826
agenda,827
austerity,828
requires,829
renders,830
powerless,831
desperate,832
relabelled,833
When,834
start,835
literally,836
starve,837
decades,838
eat,839
question,840
believe,841
give,842
flying,843
fuck,844
your,845
fruition,846
without,847
run,848
Internet,849
Things,850
Smart,851
cities,852
policing,853
military,854
industrial,855
complex,856
Cybersecurity,857
battle,858
space,859
twenty-first,860
century,861
doorstep,862
All,863
controlled,864
via,865
digital,866
identity,867
systems,868
tied,869
cashless,870
benefit,871
payments,872
context,873
militarized,874
IoT,875
augmented,876
billionaire,877
built,878
putting,879
finishing,880
touches,881
markets,882
securitize,883
streams,884
tech,885
underlies,886
4IR,887
hasten,888
death,889
planet,890
advancing,891
technocratic,892
control,893
domination,894
humanity,895
planet…,896
Why,897
agree,898
profound,899
sickness,900
Western,901
culture,902
Hubris,903
Sick,904
totally,905
ignoring,906
actions,907
natural,908
us.,909
Independent,910
researcher,911
Alison,912
Hawver,913
McDowell,914
does,915
Imperial,916
College,917
WEF,918
Chinese,919
technology,920
venture,921
ABB,922
common,923
intends,924
children,925
life,926
data,927
commodities,928
intent,929
portfolios,930
commodified,931
linking,932
behaviour,933
https,934
//www.facebook.com/cory.morningstar.5/posts/10163687281020554,935
Cory,936
independent,937
investigative,938
journalist,939
writer,940
activist,941
focusing,942
ecological,943
collapse,944
political,945
analysis,946
Canada,947
Her,948
recent,949
writings,950
above,951
article,952
Wrong,953
Kind,954
Green,955
Art,956
Annihilation,957
Counterpunch,958
writing,959
published,960
Bolivia,961
Rising,962
Cambio,963
official,964
newspaper,965
Plurinational,966
State,967
journalism,968
Patreon,969
often,970
party,971
Big,972
Government,973
two,974
branches,975
Democrats,976
Republicans,977
talk,978
big,979
game,980
green,981
guardians,982
parties,983
bow,984
transnational,985
price,986
example,987
highly,988
dirty,989
loss-leading,990
unconventional,991
oil,992
gas,993
drilling,994
practice,995
hydraulic,996
fracturing,997
commonly,998
known,999
fracking,1000
seems,1001
California,1002
governor,1003
Gavin,1004
Newson,1005
wells,1006
located,1007
state,1008
beautiful,1009
areas,1010
shutdown,1011
orders,1012
Democratic,1013
seized,1014
opportunity,1015
permits,1016
controversial,1017
energy,1018
extraction,1019
process,1020
Gov,1021
Newsom,1022
touring,1023
Chevron,1024
oilfield,1025
McKittrick,1026
Photo,1027
Credit,1028
Irfan,1029
Khan/Los,1030
Angeles,1031
Times,1032
Pool,1033
regulators,1034
Friday,1035
issued,1036
nine,1037
months,1038
federal,1039
scientists,1040
Aera,1041
Energy,1042
stimulation,1043
Kern,1044
County,1045
Another,1046
282,1047
applications,1048
hold,1049
pending,1050
individual,1051
review,1052
until,1053
comprehensive,1054
audit,1055
drill,1056
permitting,1057
practices,1058
completed,1059
Lawrence,1060
Livermore,1061
National,1062
Laboratory,1063
continuing,1064
evaluation,1065
permit-by-permit,1066
basis,1067
conducting,1068
rigorous,1069
technical,1070
verify,1071
geological,1072
made,1073
operators,1074
application,1075
Teresa,1076
Schilling,1077
spokeswoman,1078
Geologic,1079
Management,1080
division,1081
CalGEM,1082
Permit-by-permit,1083
Department,1084
November,1085
reports,1086
Desert,1087
Sun,1088
illegal,1089
spills,1090
across,1091
empty,1092
dummy,1093
project,1094
folders,1095
risky,1096
cyclic,1097
steam,1098
upfront,1099
approvals,1100
moratorium,1101
environmentalists,1102
consumer,1103
advocates,1104
delighted,1105
halt,1106
officials,1107
faced,1108
immediate,1109
fierce,1110
executives,1111
employees,1112
petroleum,1113
southern,1114
part,1115
Central,1116
Valley,1117
Oil,1118
Gas,1119
Supervisor,1120
Uduak-Joe,1121
Ntuk,1122
notified,1123
signed,1124
dozen,1125
South,1126
Belridge,1127
field,1128
operations,1129
did,1130
additional,1131
detailed,1132
descriptions,1133
guarantees,1134
requested,1135
reviewers,1136
lab,1137
evaluated,1138
engineering,1139
geologic,1140
analyses,1141
But,1142
opponents,1143
happy,1144
technique,1145
particularly,1146
midst,1147
entire,1148
school,1149
purpose,1150
approving,1151
solid,1152
watching,1153
Pearl,1154
Harbor,1155
attack,1156
Jamie,1157
Court,1158
executive,1159
director,1160
Consumer,1161
Watchdog,1162
unearthed,1163
conflicts,1164
interest,1165
among,1166
senior,1167
pebble-minded,1168
bureaucrat,1169
decided,1170
hunker,1171
homes,1172
trying,1173
avoid,1174
plague,1175
Are,1176
novel,1177
manipulated,1178
show,1179
count,1180
case,1181
appears,1182
happening,1183
evidenced,1184
medical,1185
guidelines,1186
Center,1187
Disease,1188
Control,1189
CDC,1190
specifically,1191
arbitrary,1192
assumptions,1193
feeding,1194
national,1195
bank,1196
Indeed,1197
any,1198
person,1199
dying,1200
suspected,1201
symptoms,1202
concomitant,1203
multiple,1204
long-term,1205
chronic,1206
conditions,1207
cause,1208
definitive,1209
diagnosis,1210
mortality,1211
someone,1212
result,1213
institutional,1214
distortion,1215
numbers,1216
led,1217
inflation,1218
COVD-19,1219
fatalities,1220
use,1221
justify,1222
oppressive,1223
policies,1224
devastation,1225
confronted,1226
issue,1227
Anthony,1228
Fauci,1229
Institute,1230
Allergy,1231
queries,1232
matter,1233
conspiracy,1234
theories,1235
absolutely,1236
evidence,1237
falls,1238
category,1239
unfortunate,1240
hear,1241
Any,1242
sort,1243
always,1244
popping,1245
However,1246
strongly,1247
suggests,1248
his,1249
theory,1250
inconvenient,1251
truth,1252
presentation,1253
telling,1254
considered,1255
threat,1256
security,1257
blessed,1258
pastor,1259
tells,1260
beyond,1261
decision,1262
government-mandated,1263
alleged,1264
rate,1265
deaths,1266
truly,1267
address,1268
certificates,1269
source,1270
information,1271
History-changing,1272
decisions,1273
due,1274
figures,1275
despite,1276
flat-out,1277
wrong,1278
insufficient,1279
inaccurate,1280
People,1281
know,1282
leeway,1283
physician,1284
coroner,1285
examiner,1286
signing,1287
certificate,1288
How,1289
filling,1290
want,1291
admit,1292
don,1293
fill,1294
Physicians,1295
best,1296
guesstimate,1297
listed,1298
whatever,1299
list,1300
entered,1301
records,1302
databank,1303
statistical,1304
gives,1305
Those,1306
accepted,1307
factual,1308
though,1309
false,1310
before,1311
heard,1312
educated,1313
guesses,1314
unquestioned.,1315
skewer,1316
definition,1317
death.,1318
updated,1319
yesterday,1320
4th,1321
includes,1322
confirmed,1323
presumptive,1324
positive,1325
cases,1326
counts,1327
true,1328
speculative,1329
call,1330
automatically,1331
overestimate,1332
admission,1333
understand,1334
instructing,1335
physicians,1336
related,1337
Brace,1338
yourselves,1339
please,1340
attention,1341
tell,1342
sink,1343
assumption,1344
Based,1345
alone,1346
another,1347
casualty,1348
NVSS,1349
memo,1350
Stephen,1351
Schwartz,1352
answer,1353
test,1354
Check,1355
patient,1356
dies,1357
pneumococcal,1358
sepsis,1359
accurate,1360
died,1361
Yet,1362
guideline,1363
lists,1364
questionable,1365
label,1366
goes,1367
easy,1368
add,1369
database,1370
sanctioned,1371
anyone,1372
guess,1373
incomplete,1374
terrorized,1375
fear-mongers,1376
relinquishing,1377
freedoms.,1378
Dr.,1379
Annie,1380
Bukacek,1381
thanks,1382
Research,1383
providing,1384
draft,1385
transcript,1386
Ohio,1387
residents,1388
assembled,1389
Capitol,1390
Columbus,1391
Monday,1392
protest,1393
Stay,1394
Home,1395
23rd,1396
recently,1397
extended,1398
captured,1399
stream,1400
happened,1401
Ohioans,1402
Mike,1403
DeWine,1404
Director,1405
Health,1406
Amy,1407
outbreak,1408
Acton,1409
managing,1410
Today,1411
Protesters,1412
resign,1413
reopen,1414
begun,1415
mount,1416
protests,1417
response,1418
state-ordered,1419
lockdowns,1420
Scientist,1421
freedom,1422
advocate,1423
Shiva,1424
Ayyadurai,1425
MIT,1426
PhD,1427
biological,1428
expert,1429
challenging,1430
medicine,1431
self-appointed,1432
elite,1433
namely,1434
oligarch,1435
developer,1436
pharmaceutical,1437
using,1438
leverage,1439
seize,1440
speaks,1441
indy,1442
news,1443
outlet,1444
Daily,1445
Report,1446
Indonesia,1447
shining,1448
city,1449
hill,1450
Image,1451
Andre,1452
Vltchek,1453
old,1454
road,1455
between,1456
Balikpapan,1457
Samarinda,1458
passes,1459
poor,1460
villages,1461
rural,1462
slums,1463
stalls,1464
selling,1465
second-rate,1466
local,1467
fruits,1468
cheap,1469
unhygienic,1470
eateries,1471
half-empty,1472
traffic,1473
heavy,1474
action,1475
somewhere,1476
kilometers,1477
motorway,1478
constructed,1479
eventually,1480
connect,1481
potentially,1482
Indonesian,1483
dirt,1484
Sepaku,1485
Village,1486
area,1487
Penajam,1488
Paser,1489
Utara,1490
President,1491
Joko,1492
Widodo,1493
Jokowi,1494
promising,1495
touch,1496
skies,1497
eclipsing,1498
Brasilia,1499
Malaysian,1500
Putra,1501
Jaya,1502
Canberra,1503
Nothing,1504
short,1505
Dubai,1506
Manhattan,1507
middle,1508
logged,1509
monstrously,1510
scarred,1511
poisoned,1512
island,1513
Borneo,1514
Kalimantan,1515
virtually,1516
easily,1517
defined,1518
urbanistic,1519
disasters,1520
boasting,1521
wide,1522
avenues,1523
impressive,1524
architectural,1525
masterpieces,1526
envied,1527
promised,1528
convert,1529
Batam,1530
stone,1531
throw,1532
Singapore,1533
itself,1534
city-state,1535
highest,1536
quality,1537
Two,1538
ago,1539
travelled,1540
discovered,1541
grotesque,1542
bitter,1543
previous,1544
essays,1545
entitled,1546
Island,1547
Sorry,1548
Attempt,1549
Create,1550
Second,1551
thoroughly,1552
destroyed,1553
Precisely,1554
parts,1555
ugliness,1556
urban,1557
unimaginable,1558
Corruption,1559
omnipresent,1560
feeble,1561
productive,1562
collapsed,1563
survived,1564
period,1565
gambling,1566
Eventually,1567
Only,1568
prostitution,1569
together,1570
sand,1571
exports,1572
prevailed,1573
Presently,1574
single,1575
livable,1576
lying,1577
castles,1578
long,1579
absolute,1580
ineptness,1581
elegantly,1582
sidewalk,1583
suddenly,1584
hundreds,1585
promenades,1586
commercialized,1587
outright,1588
stolen,1589
parks,1590
Every,1591
Jakarta,1592
Surabaya,1593
Bandung,1594
begins,1595
endless,1596
promises,1597
walks,1598
malls,1599
overflowing,1600
concrete,1601
whatsoever,1602
Maritime,1603
lacking,1604
centers,1605
concert,1606
halls,1607
first-rate,1608
museums,1609
extreme,1610
corruption,1611
spite,1612
why,1613
graft,1614
lack,1615
productivity,1616
imagination,1617
individuals,1618
developers,1619
drive,1620
poverty,1621
international,1622
standards,1623
apply,1624
misery,1625
Bukit,1626
Suharto,1627
Hill,1628
peripheral,1629
planned,1630
Ms.,1631
Niah,1632
shack,1633
traditional,1634
rice,1635
cakes,1636
hopeful,1637
elsewhere,1638
gone,1639
dropping,1640
leaving,1641
basically,1642
pasrah,1643
loosely,1644
translated,1645
submissive,1646
melancholy,1647
afraid,1648
speak,1649
plan,1650
move,1651
never,1652
felt,1653
development,1654
carried,1655
receive,1656
subsidized,1657
delivery,1658
contrary,1659
feel,1660
disadvantaged,1661
called,1662
Since,1663
toll,1664
far,1665
vehicles,1666
reduced,1667
sell.,1668
hundred,1669
meters,1670
Mr.,1671
Abdul,1672
Gani,1673
retired,1674
civil,1675
servant,1676
worries,1677
force,1678
him,1679
land,1680
officer,1681
came,1682
houses,1683
village,1684
collect,1685
ownership,1686
deeds,1687
buildings,1688
fields,1689
giving,1690
hint,1691
reasons,1692
collected,1693
Then,1694
rumors,1695
circulating,1696
confiscated,1697
Everything,1698
vague,1699
expect.,1700
Please,1701
serious,1702
build,1703
here.,1704
along,1705
hardly,1706
encounter,1707
native,1708
populated,1709
trans-migrants,1710
injected,1711
mainly,1712
Java,1713
Sulawesi,1714
Bali,1715
1965,1716
coup,1717
orchestrated,1718
West,1719
right-wing,1720
elites,1721
religious,1722
cadres,1723
Trans-migrants,1724
historically,1725
roads,1726
fascist,1727
dictator,1728
Dayak,1729
Communist,1730
communal,1731
trust,1732
busied,1733
himself,1734
destroying,1735
philosophy,1736
playing,1737
extremely,1738
role,1739
wealthiest,1740
resources,1741
islands,1742
increasing,1743
presence,1744
guaranteed,1745
unite,1746
demand,1747
independence,1748
colonialist,1749
ruined,1750
rule,1751
trans-migration,1752
devastated,1753
burned,1754
deforested,1755
Once,1756
resembling,1757
paradise,1758
earth,1759
humiliated,1760
Its,1761
original,1762
inhabitants,1763
subjugated,1764
kept,1765
divided,1766
badly,1767
informed,1768
uneducated,1769
comes,1770
unusually,1771
bold,1772
Globe,1773
wrote,1774
December,1775
revealed,1776
names,1777
numerous,1778
politicians,1779
reap,1780
relocation,1781
mega-project,1782
brother,1783
defense,1784
minister,1785
Prabowo,1786
Subianto,1787
Hashim,1788
Djojohadikusumo,1789
coordinating,1790
maritime,1791
affairs,1792
investment,1793
Luhut,1794
Binsar,1795
Panjaitan,1796
study,1797
Capital,1798
City,1799
conducted,1800
coalition,1801
organizations,1802
Mining,1803
Advocacy,1804
Network,1805
Jatam,1806
Environment,1807
Walhi,1808
Trend,1809
Asia,1810
Forest,1811
oligarchic,1812
connections,1813
societal,1814
impacts,1815
assets,1816
concessions,1817
extractive,1818
industries,1819
coal,1820
palm,1821
lumber,1822
plants,1823
East,1824
used,1825
smokescreen,1826
brush,1827
damage,1828
Within,1829
180,3751
so-called,1831
smart,1832
forestry,1833
property,1834
Around,1835
158,1836
mines,1837
deadly-deep,1838
holes,1839
area…,1840
girl,1841
phone,1842
typical,1843
pollution,1844
met,1845
researchers,1846
Institut,1847
Dayakologi,1848
Dayakology,1849
Richardus,1850
Giring,1851
Julianto,1852
Makmur,1853
Pontianak,1854
Mainly,1855
wanted,1856
whether,1857
harm,1858
endorsed,1859
transparent,1860
studies,1861
tend,1862
aspects,1863
risks,1864
negative,1865
interests,1866
analyzing,1867
locals.,1868
Aside,1869
perspective,1870
kind,1871
escape,1872
problems,1873
facing,1874
Kalimantan.,1875
injustice,1876
destruction,1877
structure,1878
occurring,1879
Consistently,1880
various,1881
sectoral,1882
etc,1883
legacy,1884
past,1885
present,1886
Although,1887
pristine,1888
tropical,1889
remnants.,1890
Map,1891
showing,1892
Caitlin,1893
Dempsey,1894
Natural,1895
Quick,1896
Start,1897
Working,1898
filming,1899
situation,1900
continued,1901
magnificent,1902
preceded,1903
proper,1904
careful,1905
planning,1906
feasibility,1907
predictions,1908
arise,1909
carefully,1910
whole,1911
definitely,1912
blunder,1913
spent,1914
anticipate,1915
beforehand,1916
lies,1917
ahead,1918
impacts.,1919
belong,1920
beginning,1921
beauty,1922
contest,1923
things,1924
appear,1925
great,1926
Short,1927
clips,1928
mass,1929
media,1930
irrelevant,1931
Indonesia.,1932
potential,1933
land-grabbing,1934
caused,1935
politics,1936
administration,1937
exodus,1938
certainly,1939
trigger,1940
conflict,1941
people.,1942
Well,1943
paradigm,1944
tends,1945
sacrifice,1946
sake,1947
sacrificing,1948
poor/small,1949
sacrificed,1950
solely,1951
image,1952
impression,1953
beings,1954
dignity.,1955
propaganda,1956
promoting,1957
precise,1958
location,1959
designated,1960
regime,1961
enormous,1962
hushed,1963
camouflaged,1964
covered,1965
secrecy,1966
ask,1967
sure,1968
forth,1969
frustrated,1970
tired,1971
second,1972
finally,1973
post,1974
Behind,1975
belongs,1976
General,1977
ran,1978
elections,1979
defeated,1980
elevated,1981
Minister,1982
Defense,1983
Republic,1984
Lieutenant-General,1985
territories,1986
occupied,1987
troops,1988
involved,1989
kidnapping,1990
torturing,1991
Several,1992
guards,1993
Hambali,1994
gate,1995
employed,1996
company,1997
ITCI,1998
owned,1999
barrier,2000
vast,2001
center,2002
supposed,2003
personnel,2004
immediately,2005
asking,2006
questions,2007
checking,2008
IDs,2009
calls,2010
undisclosed,2011
Our,2012
documents,2013
photocopied,2014
guard,2015
utters,2016
laconically,2017
lifting,2018
letting,2019
pass,2020
hope,2021
although,2022
Manhattan.,2023
Grandeur,2024
entrance,2025
site,2026
Pay,2027
privately,2028
follows,2029
nightmare,2030
combined,2031
Kafkaesque,2032
images,2033
manages,2034
surprise,2035
shock,2036
First,2037
shoulder,2038
several,2039
broken,2040
trucks,2041
timber,2042
drivers,2043
helpers,2044
busy,2045
fixing,2046
engines,2047
tires,2048
Indiscriminate,2049
logging,2050
obviously,2051
car,2052
moves,2053
climbing,2054
rolling,2055
hills,2056
appalling,2057
Borneo/,2058
Entire,2059
Huge,2060
monstrous,2061
stubs,2062
trees,2063
line,2064
sorts,2065
makeshift,2066
reforestation,2067
projects,2068
impress,2069
terrifying,2070
tens,2071
direction,2072
once,2073
centuries,2074
hell,2075
top,2076
stands,2077
metal,2078
Sudarmono,2079
Tower,2080
amateurish,2081
manner,2082
resemble,2083
Eiffel,2084
Local,2085
climb,2086
adults,2087
grandmothers,2088
plantations,2089
commercial,2090
ventures,2091
Now,2092
entertainment,2093
stare,2094
point,2095
fingers,2096
repeating,2097
foreigner,2098
bule,2099
derogatory,2100
albino,2101
Nouveau,2102
approached,2103
Imah,2104
visiting,2105
tower,2106
family,2107
Dua,2108
colonizing,2109
plundering,2110
anything,2111
colonizers,2112
improved,2113
lives,2114
knows,2115
insignificant,2116
details,2117
noise,2118
possible,2119
overcrowding,2120
Personally,2121
worried,2122
quiet,2123
peaceful,2124
crowded.,2125
thorough,2126
Almost,2127
nobody,2128
realize,2129
Quiet,2130
describes,2131
Wooden,2132
shacks,2133
near,2134
hard,2135
sub-Saharan,2136
African,2137
bottom,2138
robbed,2139
yes,2140
correctly,2141
sold,2142
Ponadi,2143
owner,2144
thinks,2145
compensation,2146
started,2147
scratch,2148
daughters,2149
sons,2150
Honestly,2151
willing,2152
provide,2153
hard-earned,2154
decades.,2155
talking,2156
sent,2157
spread,2158
religion,2159
inhabited,2160
advanced,2161
clearly,2162
socialist,2163
cultures,2164
Javanese,2165
concludes,2166
somehow,2167
sarcastically,2168
possibly,2169
convinced,2170
Tall,2171
ground,2172
laughs,2173
loudly,2174
funny,2175
damn,2176
exhausted,2177
depressed,2178
feeling,2179
terrible,2180
taking,2181
almost,2182
three,2183
tremendous,2184
3rd,2185
Greenland,2186
Papua,2187
documenting,2188
mighty,2189
rivers,2190
Kapuas,2191
mercury,2192
leveled,2193
mining,2194
sprawls,2195
converted,2196
Chemicals,2197
black,2198
carcinogenic,2199
creeks,2200
filth,2201
everywhere,2202
Coal,2203
barges,2204
exporting,2205
bowels,2206
corners,2207
Villages,2208
towns,2209
surrounded,2210
enterprises,2211
Beaches,2212
Children,2213
running,2214
escaping,2215
care,2216
better,2217
cheaper,2218
collecting,2219
material,2220
huge,2221
documentary,2222
film,2223
book,2224
demise,2225
Amazonia,2226
rapid,2227
recorded,2228
Brazil,2229
nerves,2230
insanity,2231
backing,2232
country,2233
choking,2234
populous,2235
nation,2236
indoctrinated,2237
pro-Western,2238
pro-business,2239
diversity,2240
mercy,2241
consumes,2242
cutting,2243
polluting,2244
riches,2245
multi-national,2246
prefer,2247
forest,2248
sustainable,2249
Even,2250
gets,2251
ridiculous.,2252
Yes,2253
locust,2254
supported,2255
foreign,2256
stay,2257
plunder,2258
produce,2259
plunders,2260
buys,2261
toys,2262
loot,2263
terribly,2264
frightening,2265
sight,2266
make-believe,2267
lie,2268
planners,2269
ransacked,2270
Deforestation,2271
desolation,2272
marks,2273
Rainforests,2274
clear,2275
cut,2276
Clear,2277
chemical,2278
apocalypse,2279
megalomaniac,2280
businessman,2281
Surakarta,2282
Solo,2283
dreaming,2284
king,2285
drains,2286
useless,2287
palace,2288
cathedral,2289
jungle,2290
Muhammad,2291
Zulfikar,2292
Rakhmat,2293
Dimas,2294
Permadi,2295
contains,2296
interesting,2297
paragraphs,2298
domestically,2299
contentious,2300
president,2301
survey,2302
KedaiKOPI,2303
institute,2304
95.7,2305
percent,2306
Jakartans,2307
reject,2308
Scholars,2309
argued,2310
feasible,2311
solve,2312
underlying,2313
Naturally,2314
elevate,2315
selected,2316
unsavory,2317
gigantic,2318
formed,2319
steering,2320
board,2321
consisting,2322
Crown,2323
Prince,2324
Abu,2325
Dhabi,2326
Sheikh,2327
Mohammed,2328
bin,2329
Zayed,2330
Nahyan,2331
Softbank,2332
CEO,2333
Masayoshi,2334
Son,2335
British,2336
Prime,2337
Tony,2338
Blair.,2339
loves,2340
enamored,2341
U.S.,2342
Donald,2343
Trump,2344
furniture,2345
seller,2346
meeting,2347
shaking,2348
hands,2349
talks,2350
shuts,2351
critics,2352
Journalists,2353
activists,2354
disappearing,2355
outrightly,2356
murdered,2357
Laws,2358
muzzling,2359
criticism,2360
introduced,2361
gradually,2362
consistently,2363
Nobody,2364
dares,2365
Ode,2366
Baru,2367
re-introduced,2368
fear,2369
intimidation,2370
expected,2371
rise,2372
sit,2373
silence,2374
driving,2375
towards,2376
eye,2377
ache,2378
horror,2379
stomach,2380
Soon,2381
eyes,2382
attacked,2383
parasite,2384
happen,2385
Hong,2386
Kong,2387
fly,2388
journey,2389
days,2390
Bangkok,2391
Seoul,2392
Amsterdam,2393
Surinam,2394
Peru,2395
Lion,2396
Air,2397
crammed,2398
deadliest,2399
airline,2400
instead,2401
mobilizing,2402
citizens,2403
pray,2404
drink,2405
herbal,2406
amount,2407
unreported,2408
slowly,2409
progressed,2410
main,2411
regional,2412
airport,2413
Ahead,2414
horrid,2415
flight,2416
filthy,2417
overcrowded,2418
Boeing,2419
737,2420
resembles,2421
bus,2422
carrier,2423
Garuda,2424
sat,2425
emitting,2426
dry,2427
persistent,2428
coughs,2429
Unlike,2430
Philippines,2431
Vietnam,2432
checkpoints,2433
later,2434
depicted,2435
DOWNFALL,2436
crumbled,2437
well-hidden,2438
secret,2439
obstructs,2440
tricking,2441
shows,2442
emergencies,2443
strike,2444
works,2445
rescue,2446
transportation,2447
good,2448
luck,2449
Before,2450
talked,2451
half,2452
standardized,2453
neocon,2454
logic,2455
archipelago,2456
stock,2457
jargon,2458
looks,2459
unnatural,2460
perverse,2461
Lusi,2462
housewife,2463
visitor,2464
offered,2465
boost,2466
especially,2467
businesses.,2468
Would,2469
personally,2470
participate,2471
asked,2472
Arip,2473
Harahap,2474
architect,2475
declared,2476
immoral,2477
elaborated,2478
design,2479
socio-cultural,2480
shallow,2481
wasteful,2482
spending,2483
budget,2484
Third,2485
groups,2486
central,2487
project.,2488
Apparently,2489
intertwined,2490
forming,2491
oligarchs,2492
chance,2493
ensure,2494
safe,2495
ignore,2496
indigenous,2497
Balik,2498
tribe,2499
Hutan,2500
Manunggal,2501
1960s,2502
coordinator,2503
Merah,2504
Johansyah,2505
Tuesday,2506
mentioned,2507
include,2508
Sukanto,2509
Tanoto,2510
Manuggal,2511
younger,2512
Rheza,2513
Herwindo,2514
ex-House,2515
speaker,2516
Setya,2517
Novanto,2518
Thomas,2519
Aquinas,2520
Djiwandono,2521
treasurer,2522
Gerindra,2523
Party,2524
nephew,2525
lawyer,2526
ex-Justice,2527
Yusril,2528
Ihza,2529
Mahendra,2530
ubiquitous,2531
election,2532
approval,2533
consulting,2534
crime,2535
participation,2536
concerned,2537
said.,2538
Investigating,2539
oppression,2540
collusion,2541
multi-nationals,2542
job,2543
hunted,2544
killed,2545
arrested,2546
foreigners,2547
deported,2548
Recently,2549
imprisoned,2550
Palangkaraya,2551
attending,2552
meetings,2553
reporting,2554
Mongabay,2555
Environmental,2556
science,2557
website,2558
outspoken,2559
publication,2560
persistently,2561
critical,2562
Regarding,2563
January,2564
162,2565
existing,2566
claim,2567
vacant,2568
raises,2569
prospect,2570
concession-holders,2571
exploiting,2572
NGOs,2573
relocating,2574
ones,2575
story,2576
Six,2577
attempts,2578
enthusiastic,2579
effort,2580
Sukarno,2581
raise,2582
Soviet-style,2583
nowhere,2584
U.S.-backed,2585
aspirations,2586
people-oriented,2587
re-elected,2588
abandon,2589
polluted,2590
embarrassingly,2591
sinking,2592
left-wing,2593
nihilistic,2594
majority,2595
gain,2596
migration,2597
morally,2598
economically,2599
corrupt,2600
bureaucrats,2601
butlers,2602
Native,2603
marginalized,2604
oppressed,2605
happens,2606
ever,2607
regain,2608
Container,2609
ships,2610
ready,2611
richer,2612
waters,2613
written,2614
collapsing,2615
epidemy,2616
commodity-based,2617
fourth,2618
shattering,2619
incorrect,2620
lines,2621
sanitation,2622
access,2623
water,2624
decent,2625
healthy,2626
nutritious,2627
food,2628
housing,2629
Can,2630
waste,2631
dollars,2632
inflate,2633
trillion,2634
re-distribution,2635
delivering,2636
billions,2637
stopped,2638
greed,2639
rulers,2640
Most,2641
uninformed,2642
lethargic,2643
resigned,2644
tiny,2645
fake,2646
total,2647
storm,2648
***,2649
philosopher,2650
novelist,2651
filmmaker,2652
wars,2653
dozens,2654
Five,2655
latest,2656
books,2657
Belt,2658
Road,2659
Initiative,2660
Ecological,2661
Civilization,2662
John,2663
Cobb,2664
Jr.,2665
Revolutionary,2666
Optimism,2667
Nihilism,2668
revolutionary,2669
Aurora,2670
Exposing,2671
Lies,2672
Empire,2673
View,2674
Rwanda,2675
Gambit,2676
ground-breaking,2677
Congo,2678
film/dialogue,2679
Noam,2680
Chomsky,2681
Terrorism,2682
resides,2683
Latin,2684
reached,2685
Mira,2686
Lubis,2687
professor,2688
Architecture,2689
Urban,2690
Planning,2691
Tanjungpura,2692
University,2693
Wetland,2694
university,2695
currently,2696
doctoral,2697
research,2698
Political,2699
Ecology,2700
Riverine,2701
Culture,2702
Settlements,2703
River,2704
sheer,2705
size,2706
complexities,2707
difficult,2708
impose,2709
fit,2710
Washington,2711
Governors,2712
amid,2713
corona,2714
cast,2715
dark,2716
shadow,2717
metro,2718
21WIRE,2719
KANSAS,2720
CITY,2721
rip,2722
consciousness,2723
socially,2724
isolate,2725
cripple,2726
economies,2727
waits,2728
wonders,2729
stays,2730
Kansas,2731
metropolitan,2732
bi-state,2733
represented,2734
counties,2735
approximately,2736
2.5,2737
million,2738
census,2739
ranks,2740
compared,2741
normal,2742
Midwest,2743
conurbation,2744
dubbed,2745
Paris,2746
Plains,2747
communities,2748
nearby,2749
landlocked,2750
varying,2751
degrees,2752
distinct,2753
geographic,2754
differences,2755
populations,2756
Federal,2757
one-size-fits-all,2758
strategy,2759
uniformly,2760
community,2761
wants,2762
normalcy,2763
acting,2764
upon,2765
heartland,2766
ratings,2767
boon,2768
television,2769
broadcasters,2770
undivided,2771
waking,2772
hours,2773
quarantine,2774
age,2775
Corona,2776
newscast,2777
lead,2778
stories,2779
optimistic,2780
Italy,2781
York,2782
theme,2783
behind,2784
peak,2785
hits,2786
catastrophic,2787
landfall,2788
infections,2789
pumped,2790
region,2791
outbreaks,2792
St.,2793
Louis,2794
east,2795
Denver,2796
west,2797
heavily,2798
traveled,2799
Interstate,2800
highway,2801
draw,2802
holistic,2803
picture,2804
looked,2805
eight,2806
sides,2807
cluster,2808
Missouri,2809
densely,2810
Johnson,2811
Jackson,2812
Wyandotte,2813
Douglas,2814
Leavenworth,2815
side,2816
Cass,2817
Clay,2818
Platte,2819
included,2820
Out,2821
begin,2822
specific,2823
relies,2824
statewide,2825
problematic,2826
account,2827
county,2828
eastern,2829
1600,2830
date,2831
counterpart,2832
western,2833
500,2834
dominated,2835
headlines,2836
Riverbend,2837
Post,2838
Acute,2839
Rehabilitation,2840
bills,2841
Premier,2842
Location,2843
Short-Term,2844
Long-Term,2845
Care,2846
words,2847
nursing,2848
localized,2849
connected,2850
facility,2851
staff,2852
tested,2853
one-third,2854
Aerial,2855
photo,2856
Site,2857
//riverbendkansascity.com,2858
sadly,2859
74-year-old,2860
grieving,2861
husband,2862
contracted,2863
deceased,2864
previously,2865
checked,2866
recover,2867
stroke,2868
Prior,2869
suffered,2870
heart,2871
attacks,2872
seizure,2873
reflection,2874
wider,2875
portray,2876
bigger,2877
hand,2878
panic,2879
isolated,2880
miles,2881
collectively,2882
reinforce,2883
narrative,2884
stopping,2885
ultimately,2886
predictably,2887
lockstep,2888
ordering,2889
stringent,2890
distancing,2891
closure,2892
either,2893
Statewide,2894
19th,2895
24th,2896
open-ended,2897
language,2898
allows,2899
extensions,2900
evaluating,2901
achieve,2902
Shoppers,2903
distance,2904
protective,2905
equipment,2906
queue,2907
sunny,2908
afternoon,2909
Surgeon,2910
Jerome,2911
Adams,2912
apocalyptic-level,2913
sound,2914
bites,2915
harbor,2916
9/11,2917
illustrating,2918
Original,2919
map,2920
four,2921
Nebraska,2922
Iowa,2923
Oklahoma,2924
Arkansas,2925
Sunflower,2926
Show-Me,2927
non-lockdown,2928
Acceptance,2929
projection,2930
models,2931
plays,2932
pivotal,2933
These,2934
scientific,2935
nonetheless,2936
quell,2937
grip,2938
midwestern,2939
enclave,2940
Star,2941
bad,2942
Models,2943
projected,2944
reach,2945
peaks,2946
28th,2947
May,2948
21st,2949
respectively,2950
resource,2951
White,2952
House,2953
task,2954
sensation,2955
100,3752
die,2957
estimate,2958
60,3753
Trust,2960
Editor,2961
Though,2962
focus,2963
over-stressed,2964
sudden,2965
sharp,2966
abundantly,2967
resourced,2968
Let,2969
projections,2970
plummeted,2971
graph,2972
298,2973
adjusted,2974
214,2975
27th,2976
Graph,2977
Screen,2978
capture,2979
Metrics,2980
Evaluation,2981
13th,2982
647,2983
554,2984
26th,2985
444,2986
166,2987
changing,2988
course,2989
allow,2990
Both,2991
KCMO,2992
police,2993
department,2994
hotline,2995
non-compliant,2996
others,2997
patrol,2998
enforcing,2999
fines,3000
encourage,3001
complying,3002
suffer,3003
Just,3004
decade,3005
ranked,3006
high,3007
landscape,3008
littered,3009
window,3010
notices,3011
Small,3012
marketing,3013
approaches,3014
adjusting,3015
keep,3016
Other,3017
exploring,3018
barber,3019
unsuspecting,3020
patrons,3021
haircut,3022
scene,3023
Despite,3024
trailing,3025
skyrocketed,3026
Labor,3027
described,3028
inquiries,3029
computer,3030
runs,3031
60-year-old,3032
programming,3033
fall,3034
trends,3035
steadily,3036
AMC,3037
Theatres,3038
bankruptcy,3039
furloughed,3040
600,3041
corporate,3042
shutting,3043
doors,3044
moviegoers,3045
mid-March,3046
flagship,3047
cinema,3048
proponents,3049
technologies,3050
Sprint,3051
wireless,3052
telecom,3053
headquarters,3054
merge,3055
join,3056
forces,3057
T-Mobile,3058
six,3059
years.,3060
thousands,3061
mode,3062
wake,3063
realities,3064
Middle,3065
restored,3066
Letter,3067
Inter,3068
Lake,3069
generation,3070
rate.,3071
illustrate,3072
destructive,3073
disease,3074
view,3075
belief,3076
fix,3077
demonstrates,3078
madness,3079
inflicts,3080
impressed,3081
delusion,3082
reactions,3083
Acting,3084
probably,3085
embarked,3086
spree,3087
encroachment,3088
liberties,3089
proportions,3090
Logic,3091
dictate,3092
flu,3093
season,3094
print,3095
thereby,3096
inflating,3097
spend,3098
non-productive,3099
transfers,3100
sphere,3101
liberty,3102
shrinks,3103
grows,3104
unheard,3105
American,3106
cure,3107
pun,3108
intended,3109
exhibiting,3110
slightly,3111
moved,3112
self-reliance,3113
dependence,3114
demanding,3115
expecting,3116
leave,3117
requiring,3118
Being,3119
Montanans,3120
house,3121
arrest,3122
irrational,3123
save,3124
displayed,3125
necessitate,3126
allowed,3127
risk,3128
cars,3129
banned,3130
risked,3131
defending,3132
cholesterol,3133
foods,3134
shelves,3135
subtle,3136
destroyer,3137
spirit,3138
Such,3139
childlike,3140
attitude,3141
changes,3142
erodes,3143
resilience,3144
deal,3145
rescuers,3146
vote,3147
shelter-in-place,3148
dictum,3149
Hysteria,3150
leads,3151
dismissal,3152
Wuhan,3153
enacted,3154
Montana,3155
insulting,3156
Does,3157
vulnerable,3158
mid-70s,3159
appropriate,3160
precautions,3161
livelihoods,3162
fellow,3163
assumed,3164
decide,3165
governors,3166
expand,3167
Increasing,3168
passively,3169
accepting,3170
welfare,3171
desire,3172
suppresses,3173
abandoning,3174
safety,3175
dominos,3176
repeated,3177
protestations,3178
assurances,3179
clique,3180
sign,3181
much-celebrated,3182
assassination,3183
Iranian,3184
Quds,3185
Force,3186
leader,3187
Qasem,3188
Soleimani,3189
Iraqi,3190
PMU,3191
commander,3192
Mahdi,3193
al-Muhandis,3194
Yesterday,3195
Secretary,3196
Esper,3197
joined,3198
growing,3199
chorus,3200
muttering,3201
cash-in,3202
lucrative,3203
admits,3204
hasn,3205
tangible,3206
indicated,3207
Iran,3208
plotting,3209
embassies,3210
imminent.,3211
didn,3212
cite,3213
piece,3214
believed,3215
CBS,3216
program,3217
Face,3218
Nation,3219
Sunday,3220
embassies.,3221
pressed,3222
conceded,3223
type,3224
shorthand,3225
wasn,3226
From,3227
target,3228
embassy,3229
Baghdad,3230
claiming,3231
Embassy,3232
chatter,3233
30th,3234
run-up,3235
likely,3236
recycled,3237
subsequent,3238
assassinations,3239
Either,3240
concocted,3241
overly,3242
advisors,3243
retreats,3244
hollowed,3245
believer,3246
certain,3247
degree,3248
Administration,3249
believes,3250
therefore,3251
empirical,3252
fiat,3253
targeting,3254
tried,3255
sum-up,3256
folly,3257
Similar,3258
fabricated,3259
imminent,3260
recreant,3261
press,3262
conference,3263
reporters,3264
Pompeo,3265
specifics,3266
mystery,3267
flanked,3268
vexatious,3269
Minster,3270
Sanctions,3271
Steve,3272
Mnuchin,3273
proceeded,3274
stumble,3275
throwback,3276
Bush,3277
Remember,3278
halcyon,3279
pathological,3280
liars,3281
rage,3282
doubt,3283
series,3284
plotted,3285
Qassem,3286
precisely,3287
real.,3288
interviewer,3289
heals,3290
unconfidently,3291
snapping,3292
gon,3293
risk.,3294
ranking,3295
diplomat,3296
helped,3297
weak,3298
pursuit,3299
SEE,3300
ALSO,3301
Was,3302
Gulf,3303
Tonkin,3304
Incident,3305
Language,3306
crucial,3307
deception,3308
word,3309
break,3310
facade,3311
legal,3312
justification,3313
hawks,3314
war,3315
key,3316
spun,3317
Dept,3318
vaunted,3319
reverent,3320
abbreviation,3321
Intelligence,3322
Community,3323
constantly,3324
familiar,3325
handy,3326
tools,3327
bag,3328
tricks,3329
explain,3330
obedient,3331
hapless,3332
achieved,3333
nonchalantly,3334
conceding,3335
flotsam,3336
jetsam,3337
constitutes,3338
mosaic,3339
represents,3340
horizon,3341
thinking,3342
complete,3343
utter,3344
masterpiece,3345
Sadly,3346
bona,3347
fide,3348
Careful,3349
alienate,3350
admonish,3351
authors,3352
Peter,3353
Baker,3354
construct,3355
soft,3356
landing,3357
chums,3358
skillfully,3359
explaining,3360
obvious,3361
fraud,3362
journalists,3363
safely,3364
conclude,3365
imagines,3366
blossom,3367
Combine,3368
Israeli,3369
carry,3370
state-sanctioned,3371
murder,3372
disturbing,3373
quickly,3374
emerges,3375
carrying,3376
specious,3377
grounds,3378
CONFIRMED,3379
Supplied,3380
Key,3381
Assassination,3382
coverage,3383
co-opted,3384
seemingly,3385
conscientious,3386
mainstream,3387
reporter,3388
fall-back,3389
respect,3390
anyway,3391
spurious,3392
adhere,3393
core,3394
losing,3395
valuable,3396
sources,3397
inside,3398
keeps,3399
mainline,3400
journalists.,3401
self-licking,3402
ice,3403
cream,3404
cone,3405
laundered,3406
oracles,3407
guilty,3408
fudging,3409
classified,3410
knowing,3411
Unfortunately,3412
gallant,3413
Resistance,3414
leaders,3415
heading,3416
crimes,3417
level,3418
Executive,3419
Branch,3420
worthy,3421
impeachment,3422
Alas,3423
contrived,3424
non-existent,3425
offenses,3426
impeachable,3427
square,3428
tenuous,3429
backed,3430
dodgy,3431
dossiers,3432
riddled,3433
sexed-up,3434
nonexistent,3435
hyper-partisan,3436
morph,3437
wedge,3438
framed,3439
Muslim,3440
Already,3441
awash,3442
loyalists,3443
deriding,3444
Democrat,3445
dissenters,3446
aiding,3447
Ayatollah,3448
divisive,3449
partisan,3450
normally,3451
sympathetic,3452
antiwar,3453
identify,3454
defend,3455
labelled,3456
unpatriotic,3457
antibodies,3458
kick,3459
causing,3460
whereby,3461
equate,3462
behavior,3463
imperial,3464
superpower,3465
smaller,3466
powerful,3467
traitorous,3468
Mullahs,3469
cry,3470
conservative,3471
radio,3472
spectrum,3473
serves,3474
preserve,3475
Similarly,3476
journalistic,3477
counterparts,3478
pursue,3479
undermines,3480
Beltway,3481
prevailing,3482
directives,3483
driven,3484
primarily,3485
Saudi,3486
influence,3487
Until,3488
outlets,3489
proscribed,3490
boundaries,3491
loyalties,3492
worldview,3493
themselves,3494
pot-shots,3495
Orange,3496
Man,3497
expense,3498
Lobby,3499
objectives,3500
career,3501
stenographers,3502
establishment,3503
loyal,3504
opposition,3505
preserving,3506
over-arching,3507
RussiaGate,3508
UkraineGate,3509
continually,3510
demonize,3511
Russia,3512
standoff,3513
priority,3514
Tehran,3515
backward,3516
modernization,3517
western-style,3518
democratic,3519
reforms.,3520
interferes,3521
goals,3522
egregious,3523
cover-up,3524
unwritten,3525
Clinton,3526
Obama,3527
lesson,3528
objective,3529
observer,3530
crystal,3531
drained,3532
swamp,3533
Neocons,3534
Author,3535
Patrick,3536
Henningsen,3537
analyst,3538
founder,3539
Century,3540
Wire,3541
host,3542
SUNDAY,3543
WIRE,3544
weekly,3545
broadcast,3546
globally,3547
Alternate,3548
Current,3549
Radio,3550
ACR,3551
publications,3552
extensive,3553
on-the-ground,3554
Syria,3555
Iraq,3556
See,3557
archive,3558
manufacture,3559
masks,3560
stocks,3561
coronavirus2020,3562
PHOTO,3563
EPA-EFE,3564
warn,3565
travel,3566
devil,3567
seriously,3568
contain,3569
mayors,3570
bracing,3571
viral,3572
Reports,3573
refused,3574
offer,3575
assistance,3576
Beijing,3577
withholding,3578
Update,3579
1915ET,3580
8:15,3581
Province,3582
brings,3583
6,3754
263,3585
deemed,3586
severe.,3587
climbed,3588
132,3589
SCMP,3590
closely,3591
comparing,3592
2003,3593
SARS,3594
notice,3595
milestone,3596
Barely,3597
passed,3598
monthslong,3599
ordeal,3600
infected,3601
5,3755
mainland,3603
Organisation,3604
60k,3605
observation,3606
20k,3607
Hubei,3608
Zhong,3609
Nanshan,3610
respiratory,3611
diseases,3612
spoke,3613
plateau,3614
ten,3615
Back,3616
denying,3617
ban,3618
passenger,3619
surpassed,3620
track,3621
dire,3622
shared,3623
epidemiologists,3624
shake,3625
confidence,3626
soothing,3627
Powell,3628
1824ET,3629
Adding,3630
pressure,3631
airlines,3632
warned,3633
suspending,3634
flights,3635
heels,3636
Airlines,3637
exposure,3638
daily,3639
cancelling,3640
Chicago-based,3641
experienced,3642
significant,3643
decline,3644
China.,3645
expanding,3646
screenings,3647
virus-carrying,3648
travelers,3649
plane,3650
draconian,3651
strict,3652
border,3653
controls,3654
overplayed,3655
videos,3656
depicting,3657
clashes,3658
surfaced,3659
1750ET,3660
Reuters,3661
Thailand,3662
bringing,3663
members,3664
CHinese,3665
provine,3666
LNY,3667
holiday,3668
tourist,3669
1710ET,3670
Minutes,3671
state-controlled,3672
station,3673
CCTV,3674
840,3675
315,3676
dead,3677
Xiaogan,3678
Jingmen,3679
Ezhou,3680
Huanggang,3681
Tianmen,3682
Per,3683
3349,3684
hospitalized,3685
province,3686
20,3756
remember,3688
jumped,3689
featured,3690
outside,3691
evacuating,3692
240,3693
diplomats,3694
hitch,3695
800,3696
elected,3697
spreading,3698
dump,3699
midnight,3700
midday,3701
meantime,3702
angry,3703
room,3704
chair…,3705
updates,3706
Zero,3707
Hedge,3708
3,3757
affected,3710
34,3758
724,3712
heaviest,3713
active,3714
implementing,3715
restrictions,3716
spanning,3717
reaction,3718
commit,3719
Organization,3720
Social,3721
nationally,3722
Patients,3723
undergoing,3724
monitoring,3725
special,3726
unit,3727
NHS,3728
NOTE,3729
GlobalData,3730
Influencers,3731
dashboard,3732
Pharmaceutical,3733
Technology,3734
readers,3735
epidemic,3736
Turkey,3737
enjoyed,3738
relationship,3739
Islamist,3740
Recep,3741
Tayyip,3742
200,000,3748
1,000,3749
110,000,3750
180,000-hectare,3751
100,000,3752
60,000,3753
6,049,3754
5,327,3755
20,000,3756
3,000,3757
34,000,3758
